VariantType,probandID,CHROM,POS,variantID,REF,ALT,GeneName,VarClass,VarFunc,IGV,MetaSVM,PolyPhen2,CADD,AAchange,ExACfreq avg,ExACfreq max,1kg avg,1kg max,pLI,lof_z,mis_z,RVIS,FILTER,ProbandGenotype,ProbandAlleleDepth,ProbandGQ,Parent1Genotype,Parent1AlleleDepth,Parent1GQ,Parent2Genotype,Parent2AlleleDepth,Parent2GQ,INFO
Bmis,641857,2,160994350,.,C,T,ITGB6,nonsynonymousSNV,exonic,P,T,B,14.27,"ITGB6:NM_001282354:exon8:c.G970A:p.V324M,ITGB6:NM_001282388:exon9:c.G1129A:p.V377M,ITGB6:NM_001282390:exon9:c.G841A:p.V281M,ITGB6:NM_000888:exon10:c.G1255A:p.V419M,ITGB6:NM_001282355:exon10:c.G1255A:p.V419M,ITGB6:NM_001282389:exon10:c.G1036A:p.V346M,ITGB6:NM_001282353:exon11:c.G1255A:p.V419M",2.50E-05,8.69E-05,,,1.91E-15,0.414249625,-2.149734553,-0.59(18.23%),VQSRTrancheSNP99.80to99.90,'0/1',"7,10",99,'0/0',"31,0",81,'0/0',"26,0",38,Disease=Autism
Other,641857,9,20770267,.,T,G,FOCAD,,intronic,,,,,,,,,,5.37E-16,3.943842228,-5.974446386,-0.19(39.26%),VQSRTrancheSNP99.50to99.60,'0/1',"8,7",99,'0/0',"34,0",99,'0/0',"28,0",72,Disease=Autism
Other,641943,6,170048005,.,TCA,T,WDR27,,intronic,P,,,,,,,,,2.40E-15,1.276202337,-2.560088883,2.52(98.69%),PASS,'0/1',"45,31",99,'0/0',"73,0",99,'0/0',"102,0",99,Disease=Autism
Other,641943,10,32975032,.,C,G,CCDC7,,intronic,,,,,,,,,,3.52E-09,1.57231559,-0.876413282,0.22(68.44%),VQSRTrancheSNP99.70to99.80,'0/1',"12,20",99,'0/0',"38,0",99,'0/0',"40,0",99,Disease=Autism
Other,641945,7,97862077,.,C,T,TECPR1,,intronic,,,,,,,,,,2.43E-07,3.077204702,0.720189522,-2.25(1.3%),VQSRTrancheSNP99.80to99.90,'0/1',"8,9",99,'0/0',"20,0",51,'0/0',"23,0",32,Disease=Autism
Other,641945,11,118769035,.,A,C,BCL9L,,UTR3,,,,,,,,,,0.998124599,4.753064062,0.503021826,-1.47(3.73%),VQSRTrancheSNP99.80to99.90,'0/1',"21,6,0",99,'0/0',"19,0,0",30,'0/0',"21,0,0",60,Disease=Autism
Bmis,641945,17,32683600,.,C,G,CCL13,nonsynonymousSNV,exonic,,T,B,1.304,CCL13:NM_005408:exon1:c.C55G:p.P19A,,,,,0.051133284,0.629687448,-0.213349417,0.37(74.95%),VQSRTrancheSNP99.80to99.90,'0/1',"38,28",99,'0/0',"34,0",99,'0/0',"38,0",99,Disease=Autism
Other,641945,18,12680616,.,ACTTAT,AAT,"CEP76,PSMG2",,intronic,F,,,,,9.89E-06,1.76E-05,,,,,,,PASS,'0/1',"47,20,0,0",99,'0/0',"47,0,0,0",99,'0/0',"63,0,0,0",99,Disease=Autism
Other,641945,22,18018492,.,G,T,CECR2,,intronic,,,,,,,,,,,,,,VQSRTrancheSNP99.70to99.80,'0/1',"9,11",99,'0/0',"11,0",30,'0/0',"17,0",39,Disease=Autism
Dmis,641951,4,962686,.,G,A,DGKQ,nonsynonymousSNV,exonic,,D,D,13.95,DGKQ:NM_001347:exon3:c.C364T:p.H122Y,,,,,0.001194024,3.289429223,0.030442086,-2.68(0.74%),VQSRTrancheSNP99.80to99.90,'0/1',"144,97",99,'0/0',"108,0",99,'0/0',"109,0",99,Disease=Autism
Silent,641951,4,3076651,.,G,A,HTT,synonymousSNV,exonic,,,,,"HTT:NM_002111:exon1:c.G99A:p.Q33Q,",9.96E-05,0.0001,,,1,9.446085265,2.493299652,-2.03(1.69%),VQSRTrancheSNP99.80to99.90,'0/1',"14,6,0",99,'0/0',"20,0,0",54,'0/0',"36,0,0",81,Disease=Autism
Other,641951,6,36466352,.,TTTTTTTC,T,STK38,,intronic,P,,,,,,,,,0.853295086,3.663389129,1.770528098,-0.3(32.62%),PASS,'0/1',"9,7",99,'0/0',"33,0",60,'0/0',"25,0",33,Disease=Autism
PDmis,642714,12,27829474,.,T,G,PPFIBP1,nonsynonymousSNV,exonic,,T,D,15.74,"PPFIBP1:NM_001198915:exon16:c.T1116G:p.F372L,PPFIBP1:NM_001198916:exon17:c.T1482G:p.F494L,PPFIBP1:NM_003622:exon18:c.T1524G:p.F508L,PPFIBP1:NM_177444:exon18:c.T1575G:p.F525L",,,,,2.10E-12,2.693668202,-0.166862308,-0.5(21.81%),VQSRTrancheSNP99.80to99.90,'0/1',"49,42",99,'0/0',"35,0",99,'0/0',"34,0",99,Disease=Autism
Other,642714,16,20952661,.,C,A,DNAH3,,intronic,,,,,,,,,,9.63E-51,2.809673628,-1.743930642,-1.47(3.73%),PASS,'0/1',"6,6",99,'0/0',"20,0",57,'0/0',"16,0",48,Disease=Autism
Other,642714,17,17900676,.,G,A,DRC3,,intronic,,,,,,,,,,,,,,PASS,'0/1',"11,11",99,'0/0',"21,0",60,'0/0',"28,0",72,Disease=Autism
Other,642724,5,146773503,.,G,A,DPYSL3,,UTR3,,,,,,,,,,0.996483174,4.007930061,2.197030257,-0.36(29.16%),PASS,'0/1',"18,17",99,'0/0',"42,0",99,'0/0',"57,0",99,Disease=Autism
Other,642724,12,111093230,.,G,A,HVCN1,,intronic,,,,,,,,,,0.750490678,2.576484163,1.559086287,0.31(72.23%),VQSRTrancheSNP99.70to99.80,'0/1',"7,11",99,'0/0',"24,0",63,'0/0',"22,0",51,Disease=Autism
Other,642724,20,60906284,.,GTGCAGGCGGTACGATGGGGA,G,LAMA5,,intronic,P,,,,,,,,,0.943037981,8.536355383,-1.74985311,3.13(99.28%),VQSRTrancheINDEL99.00to99.10,'0/1',"1,11",33,'0/0',"19,0",51,'0/0',"24,0",54,Disease=Autism
Other,642740,4,84519940,.,TAGAGAATGCCTCACTC,TTC,GPAT3,,intronic,P,,,,,,,,,,,,,VQSRTrancheINDEL99.30to99.40,'0/2',"49,0,37",99,'0/0',"166,0,0",99,'0/0',"126,0,0",99,Disease=Autism
Other,642740,4,84519956,.,C,T,GPAT3,,intronic,,,,,,,,,,,,,,VQSRTrancheSNP99.80to99.90,'0/1',"42,36,0",99,'0/0',"88,0,0",99,'0/0',"58,0,0",99,Disease=Autism
Other,642740,5,139505906,.,C,T,IGIP,,UTR5,,,,,,,,,,0.419918844,0.991049243,-0.418439143,0.75(86.41%),VQSRTrancheSNP99.80to99.90,'0/1',"40,36",99,'0/0',"38,0",99,'0/0',"45,0",99,Disease=Autism
Other,642740,9,33465688,.,G,C,NOL6,,intronic,,,,,,,,,,0.999078032,5.65575298,0.327603412,-0.23(36.36%),VQSRTrancheSNP99.70to99.80,'0/1',"7,11",99,'0/0',"34,0",99,'0/0',"17,0",45,Disease=Autism
Other,642740,19,17430541,.,A,C,DDA1,,UTR3,,,,,,,,,,0.893417442,2.617767371,1.634776561,-0.01(52.85%),VQSRTrancheSNP99.80to99.90,'0/1',"10,9",99,'0/0',"28,0",60,'0/0',"30,0",75,Disease=Autism
Dmis,642940,2,189858142,.,G,A,COL3A1,nonsynonymousSNV,exonic,,D,D,26.6,COL3A1:NM_000090:exon16:c.G1106A:p.G369E,,,,,0.999999998,8.002947339,3.147309818,-0.23(36.34%),VQSRTrancheSNP99.80to99.90,'0/1',"57,51",99,'0/0',"37,0",99,'0/0',"40,0",99,Disease=Autism
Other,642940,12,51386545,.,G,A,SLC11A2,,intronic,,,,,,1.67E-05,8.75E-05,,,0.006235237,3.096814054,1.798129428,0.31(72.6%),VQSRTrancheSNP99.80to99.90,'0/1',"23,7",99,'0/0',"29,0",52,'0/0',"20,0",57,Disease=Autism
PDmis,642940,16,3556399,.,C,T,CLUAP1,nonsynonymousSNV,exonic,,T,D,35,CLUAP1:NM_015041:exon3:c.C203T:p.A68V,,,,,0.00021954,2.185994852,-1.126910864,0.18(66.07%),VQSRTrancheSNP99.80to99.90,'0/1',"23,21",99,'0/0',"40,0",99,'0/0',"40,0",99,Disease=Autism
Other,643625,9,139972419,rs146448201,C,CGCCCCA,UAP1L1,,intronic,P,,,,,,,.,,0.00112977,1.268462363,0.517807473,-0.22(37.43%),PASS,'0/2',"6,0,16",99,'0/0',"13,0,0",36,'0/0',"20,0,0",60,Disease=Autism
Dmis,643625,13,113510373,.,C,T,ATP11A,nonsynonymousSNV,exonic,,D,D,30,"ATP11A:NM_015205:exon20:c.C2392T:p.R798C,ATP11A:NM_032189:exon20:c.C2392T:p.R798C",2.50E-05,4.53E-05,,,0.967333743,5.744946517,1.4362579,-1.61(3.01%),VQSRTrancheSNP99.80to99.90,'0/1',"41,43",99,'0/0',"36,0",99,'0/0',"35,0",99,Disease=Autism
Other,643625,16,57685044,.,C,T,ADGRG1,,intronic,,,,,,,,,,,,,,VQSRTrancheSNP99.80to99.90,'0/1',"58,41",99,'0/0',"27,0",81,'0/0',"37,0",99,Disease=Autism
Dmis,643625,20,57287587,.,G,A,NPEPL1,nonsynonymousSNV,exonic,,D,D,18.57,"NPEPL1:NM_024663:exon8:c.G953A:p.G318E,NPEPL1:NM_001204872:exon9:c.G869A:p.G290E,NPEPL1:NM_001204873:exon9:c.G809A:p.G270E",,,,,1.80E-07,0.300127952,0.340156643,-0.73(14.14%),VQSRTrancheSNP99.60to99.70,'0/1',"28,26",99,'0/0',"35,0",99,'0/0',"34,0",99,Disease=Autism
Other,644059,14,102894557,.,TTG,T,TECPR2,,intronic,P,,,,,0.0002,0.0003,.,,0.94851586,4.906346395,1.628868961,-0.47(22.84%),VQSRTrancheINDEL99.40to99.50,'0/3',"26,0,0,21",99,'0/0',"77,0,0,0",92,'0/0',"40,0,0,0",99,Disease=Autism
Dmis,644059,20,62070004,rs118192215,G,A,KCNQ2,nonsynonymousSNV,exonic,,D,D,18.54,"KCNQ2:NM_004518:exon7:c.C997T:p.R333W,KCNQ2:NM_172106:exon7:c.C997T:p.R333W,KCNQ2:NM_172107:exon7:c.C997T:p.R333W,KCNQ2:NM_172108:exon7:c.C997T:p.R333W,KCNQ2:NM_172109:exon7:c.C997T:p.R333W",,,,,0.999356099,4.788336546,5.269592253,-0.67(15.86%),VQSRTrancheSNP99.80to99.90,'0/1',"120,93",99,'0/0',"69,0",99,'0/0',"69,0",99,Disease=Autism
Other,644059,22,27069188,.,C,T,MIAT,,ncRNA_exonic,,,,,,,,,,,,,,VQSRTrancheSNP99.50to99.60,'0/1',"170,165",99,'0/0',"311,0",99,'0/0',"380,0",99,Disease=Autism
Other,644062,4,54248401,rs369457633,G,A,FIP1L1,,intronic,,,,,,8.47E-05,0.0005,,,0.600789667,4.507418,3.607784062,-0.58(18.44%),VQSRTrancheSNP99.70to99.80,'0/1',"22,29",99,'0/0',"34,0",99,'0/0',"35,0",99,Disease=Autism
Other,644062,8,2040086,.,G,A,MYOM2,,intronic,,,,,,,,,,1.49E-55,-1.411086438,-5.871432586,-0.5(21.84%),VQSRTrancheSNP99.80to99.90,'0/1',"20,15",99,'0/0',"61,0",99,'0/0',"52,0",99,Disease=Autism
Dmis,644062,17,7798772,.,G,A,CHD3,nonsynonymousSNV,exonic,,D,D,14.2,"CHD3:NM_001005271:exon10:c.G1796A:p.R599H,CHD3:NM_001005273:exon10:c.G1619A:p.R540H,CHD3:NM_005852:exon10:c.G1619A:p.R540H",3.30E-05,9.61E-05,,,0.999999996,8.295070102,7.147466225,-2.48(0.97%),VQSRTrancheSNP99.70to99.80,'0/1',"42,34",99,'0/0',"36,0",99,'0/0',"36,0",99,Disease=Autism
Bmis,644062,18,23670482,.,G,A,SS18,nonsynonymousSNV,exonic,,T,B,17.68,"SS18:NM_001007559:exon1:c.C52T:p.P18S,SS18:NM_005637:exon1:c.C52T:p.P18S",,,,,0.994140959,4.139173949,0.240561108,-0.12(45.13%),PASS,'0/1',"54,53",99,'0/0',"42,0",99,'0/0',"36,0",99,Disease=Autism
PDmis,645368,6,28472206,.,G,A,GPX6,unknown,exonic,,T,D,18.18,UNKNOWN,,,,,3.14E-05,0.093182869,-0.318236869,1.77(96.79%),VQSRTrancheSNP99.80to99.90,'0/1',"35,39",99,'0/0',"36,0",99,'0/0',"39,0",99,Disease=Autism
Other,645368,12,108687453,.,A,G,CMKLR1,,intronic,,,,,,,,,,0.068526963,0.892454427,-0.046418586,0.44(77.8%),VQSRTrancheSNP99.80to99.90,'0/2',"21,0,6",99,'0/0',"48,0,0",39,'0/0',"36,0,0",38,Disease=Autism
Silent,645372,6,52285232,.,C,T,EFHC1,synonymousSNV,exonic,,,,,EFHC1:NM_018100:exon1:c.C24T:p.G8G,,,,,5.06E-12,0.876970716,-0.803799173,1.27(93.63%),VQSRTrancheSNP99.80to99.90,'0/1',"74,63",99,'0/0',"46,0",99,'0/0',"37,0",99,Disease=Autism
Other,645372,14,100125707,.,C,A,HHIPL1,,intronic,,,,,,,,,,0.00214437,1.613209843,1.708776845,NA(NA%),VQSRTrancheSNP99.70to99.80,'0/1',"18,26",99,'0/0',"49,0",99,'0/0',"36,0",99,Disease=Autism
Other,645372,22,46594186,.,C,A,PPARA,,intronic,,,,,,,,,,0.463829864,2.931180042,2.475915216,-0.36(29.31%),VQSRTrancheSNP99.80to99.90,'0/1',"27,7",99,'0/0',"44,0",95,'0/0',"26,0",39,Disease=Autism
Other,646097,1,98511733,.,GCCGCTGCCGCTGCTA,GCCGCTGCCGCTGCTACCGCTGCCGCTGCTACCGCTGCCGCTGCTA,MIR137HG,,ncRNA_exonic,P,,,,,.,,,,,,,,PASS,'0/3',"12,0,0,21",99,'0/0',"93,0,0,0",51,'0/0',"34,0,0,0",99,Disease=Autism
PDmis,646097,3,86115818,.,C,A,CADM2,nonsynonymousSNV,exonic,,T,D,21,"CADM2:NM_001167674:exon10:c.C1193A:p.T398K,CADM2:NM_001167675:exon10:c.C1100A:p.T367K,CADM2:NM_001256503:exon10:c.C869A:p.T290K,CADM2:NM_001256505:exon10:c.C749A:p.T250K,CADM2:NM_153184:exon10:c.C1199A:p.T400K,CADM2:NM_001256502:exon11:c.C869A:p.T290K,CADM2:NM_001256504:exon11:c.C749A:p.T250K",,,,,0.98466891,3.819945364,1.305638575,-0.6(17.75%),VQSRTrancheSNP99.80to99.90,'0/1',"46,34",99,'0/0',"39,0",99,'0/0',"37,0",99,Disease=Autism
LGD,646861,11,113210056,.,AG,A,TTC12,frameshiftdeletion,exonic,P,,,,TTC12:NM_017868:exon10:c.687delG:p.K229fs,,,,,1.45E-07,2.496171193,-0.960594874,-0.15(42.25%),VQSRTrancheINDEL99.20to99.30,'0/1',"62,37",99,'0/0',"35,0",99,'0/0',"37,0",99,Disease=Autism
Silent,646861,16,75033716,.,C,T,ZNRF1,synonymousSNV,exonic,,,,,ZNRF1:NM_032268:exon1:c.C147T:p.R49R,,,,,0.754396423,2.072844634,1.568499558,NA(NA%),VQSRTrancheSNP99.70to99.80,'0/1',"29,31",99,'0/0',"35,0",99,'0/0',"35,0",99,Disease=Autism
Bmis,646861,17,36508386,.,C,T,SOCS7,nonsynonymousSNV,exonic,,T,B,8.353,SOCS7:NM_014598:exon1:c.C259T:p.P87S,,,,,0.998970598,4.39241228,2.552893424,NA(NA%),VQSRTrancheSNP99.70to99.80,'0/1',"48,62",99,'0/0',"37,0",99,'0/0',"40,0",99,Disease=Autism
Other,646865,4,1348700,.,T,G,UVSSA,,intronic,,,,,,,,,,8.89E-14,-0.061357531,-3.183689645,-1.03(7.87%),VQSRTrancheSNP99.80to99.90,'0/1',"78,31",99,'0/0',"57,0",99,'0/0',"140,0",97,Disease=Autism
Bmis,646865,5,171765971,rs200089592,G,A,SH3PXD2B,nonsynonymousSNV,exonic,,T,P,1.933,SH3PXD2B:NM_001017995:exon13:c.C2138T:p.T713M,1.66E-05,0.0002,0.000399361,0.0015,0.018536793,3.488487187,0.414926304,-0.28(33.57%),VQSRTrancheSNP99.80to99.90,'0/1',"39,34",99,'0/0',"40,0",99,'0/0',"40,0",99,Disease=Autism
Dmis,646865,6,18218108,.,G,A,KDM1B,nonsynonymousSNV,exonic,,D,D,23.1,KDM1B:NM_153042:exon17:c.G1681A:p.A561T,4.12E-05,7.50E-05,,,0.815087937,4.226136512,1.211709121,7.61E-05(53.98%),VQSRTrancheSNP99.70to99.80,'0/1',"21,19",99,'0/0',"22,0",54,'0/0',"34,0",99,Disease=Autism
Other,646865,14,24701413,.,GC,G,"NEDD8,NEDD8-MDP1",,intronic,,,,,,,,,,,,,,VQSRTrancheINDEL99.40to99.50,'0/1',"27,17",99,'0/0',"34,0",99,'0/0',"37,0",99,Disease=Autism
Other,646869,16,1256904,.,G,GCCCCC,CACNA1H,,intronic,P,,,,,,,,,0.755916976,5.466595343,-2.590880414,-2.06(1.63%),VQSRTrancheINDEL99.10to99.20,'0/1',"5,8",99,'0/0',"25,0",54,'0/0',"21,0",30,Disease=Autism
LGD,646869,17,7217653,.,T,A,GPS2,stopgain,exonic,,.,.,38,GPS2:NM_004489:exon4:c.A274T:p.K92X,,,,,0.590137502,3.141750047,1.092792473,-0.49(22.09%),VQSRTrancheSNP99.70to99.80,'0/1',"19,25",99,'0/0',"35,0",99,'0/0',"42,0",99,Disease=Autism
Other,646869,20,60773610,.,C,T,MTG2,,intronic,,,,,,,,,,0.000608857,1.565634044,0.361868653,,VQSRTrancheSNP99.80to99.90,'0/1',"8,9",99,'0/0',"20,0",60,'0/0',"25,0",72,Disease=Autism
Bmis,647390,1,167849419,.,T,C,ADCY10,nonsynonymousSNV,exonic,,T,B,9.994,"ADCY10:NM_001167749:exon8:c.A691G:p.I231V,ADCY10:NM_001297772:exon11:c.A874G:p.I292V,ADCY10:NM_018417:exon11:c.A1150G:p.I384V",,,,,5.85E-26,1.73961895,-0.702715464,0.64(83.79%),VQSRTrancheSNP99.80to99.90,'0/1',"39,23",99,'0/0',"40,0",99,'0/0',"33,0",99,Disease=Autism
PDmis,647390,2,200193509,.,T,G,SATB2,nonsynonymousSNV,exonic,,T,D,24.4,"SATB2:NM_001172509:exon8:c.A1298C:p.Y433S,SATB2:NM_001172517:exon9:c.A1298C:p.Y433S,SATB2:NM_015265:exon9:c.A1298C:p.Y433S",,,,,0.999563007,4.641424287,4.747790111,-0.87(10.65%),VQSRTrancheSNP99.80to99.90,'0/1',"20,22",99,'0/0',"40,0",99,'0/0',"39,0",99,Disease=Autism
Other,647390,X,230800,.,C,T,GTPBP6,,intronic,,,,,,0.0001,0.0009,,,,,,,VQSRTrancheSNP99.70to99.80,'0/1',"75,96",99,'0/0',"111,0",99,'0/0',"71,0",99,Disease=Autism
Other,649237,19,30303694,.,A,G,CCNE1,,intronic,,,,,,,,,,0.268926805,3.008633607,1.521255139,-0.36(28.93%),VQSRTrancheSNP99.80to99.90,'0/1',"57,39",99,'0/0',"36,0",99,'0/0',"34,0",99,Disease=Autism
Silent,650635,17,8092619,.,G,A,BORCS6,synonymousSNV,exonic,,,,,BORCS6:NM_017622:exon1:c.C840T:p.R280R,,,,,,,,,VQSRTrancheSNP99.80to99.90,'0/1',"51,51",99,'0/0',"41,0",99,'0/0',"52,0",99,Disease=Autism
PDmis,650635,X,40994022,.,G,A,USP9X,nonsynonymousSNV,exonic,,T,D,24.3,"USP9X:NM_001039590:exon5:c.G367A:p.G123R,USP9X:NM_001039591:exon5:c.G367A:p.G123R",,,,,1,8.090347235,6.348214306,-1.62(2.93%),VQSRTrancheSNP99.70to99.80,'0/1',"29,33",99,'0/0',"34,0",99,'0/0',"39,0",99,Disease=Autism
Other,650636,7,98581985,rs373885246,C,T,TRRAP,,intronic,,,,,,9.03E-06,1.57E-05,,,1,11.4810566,9.822740466,-6.14(0.04%),VQSRTrancheSNP99.80to99.90,'0/2',"62,0,18",99,'0/0',"40,0,0",99,'0/0',"35,0,0",99,Disease=Autism
Other,650651,4,2896234,.,T,TG,ADD1,,intronic,,,,,,,,,,0.611299256,3.906054254,0.586495646,-0.93(9.68%),PASS,'0/1',"19,12",99,'0/0',"35,0",51,'0/0',"25,0",84,Disease=Autism
Dmis,650651,9,131584689,.,G,C,ENDOG,nonsynonymousSNV,exonic,,D,D,28.5,ENDOG:NM_004435:exon3:c.G694C:p.V232L,,,,,0.006243353,-0.143148452,0.546659813,NA(NA%),VQSRTrancheSNP99.80to99.90,'0/1',"39,46",99,'0/0',"44,0",99,'0/0',"37,0",99,Disease=Autism
InframeIndel,650697,11,1651198,.,GAGGCTGTGGGGGCTGTGGCTCCGGCTGTGC,GGGGCTGTGGCTCAGGCTGTGGGGGCTGTGGCTCCGGCTGTGC,KRTAP5-5,nonframeshiftinsertion,exonic,F,,,,"KRTAP5-5:NM_001001480:exon1:c.129_158del:p.43_53del,KRTAP5-5:NM_001001480:exon1:c.128_129insGGGCTGTGGCTC:p.G43delinsGGCGS,(MultiAltSite)",0.0002,0.0007,,,1.15E-05,-1.579250354,0.132920637,1.28(93.71%),VQSRTrancheINDEL99.20to99.30,'0/2',"117,0,33,0",99,'0/0',"40,0,0,0",99,'0/0',"34,0,0,0",88,Disease=Autism
Other,650697,11,66605821,.,C,T,C11orf80,,intronic,,,,,,,,,,0.008462596,2.306760827,-0.812368418,0.11(61.73%),VQSRTrancheSNP99.70to99.80,'0/1',"23,33",99,'0/0',"13,0",39,'0/0',"33,0",99,Disease=Autism
Bmis,650706,2,215645715,.,T,A,BARD1,nonsynonymousSNV,exonic,,T,P,18.53,"BARD1:NM_001282543:exon3:c.A826T:p.N276Y,BARD1:NM_000465:exon4:c.A883T:p.N295Y",,,,,1.18E-11,0.751314453,-0.949396913,0.94(89.86%),VQSRTrancheSNP99.70to99.80,'0/1',"32,30",99,'0/0',"40,0",99,'0/0',"38,0",99,Disease=Autism
Other,650706,5,176523855,.,GTCCTCCTCCTCCTCTTCCTCTTCCTCCTCC,G,FGFR4,,intronic,P,,,,,,,,,1.30E-06,2.870389485,1.064332719,-1.17(6.07%),VQSRTrancheINDEL99.20to99.30,'0/1',"51,41",99,'0/0',"76,0",99,'0/0',"69,0",99,Disease=Autism
Other,650706,8,28991489,.,G,C,KIF13B,,intronic,,,,,,,,,,0.000199447,5.662594119,0.857749662,-1.45(3.93%),VQSRTrancheSNP99.80to99.90,'0/1',"17,12",99,'0/0',"28,0",81,'0/0',"36,0",99,Disease=Autism
Other,650706,11,72552416,.,G,A,FCHSD2,,intronic,,,,,,,,,,0.994752587,4.734018454,0.567520738,-0.89(10.37%),VQSRTrancheSNP99.80to99.90,'0/1',"22,10",70,'0/0',"36,0",64,'0/0',"39,0",69,Disease=Autism
Other,650706,12,132401626,.,CTCGGAGGCTGTGGGATGGGGGTCGGAGGCTGTGGGATGGGGG,CTCGGAGGCTGTGGGACGGGGGTCGGAGGCTGTGGGACGGGGGTCGGAGGCTGTGGGATGGGGGTCGGAGGCTGTGGGATGGGGG,ULK1,,intronic,P,,,,,.,,,,0.964459663,5.006010105,0.899950917,-1.22(5.56%),VQSRTrancheINDEL99.40to99.50,'4/4',"1,0,0,0,52,0,0",99,'0/0',"82,0,0,0,0,0,0",99,'0/0',"92,0,0,0,0,0,0",99,Disease=Autism
Silent,650706,13,26273391,.,C,T,ATP8A2,synonymousSNV,exonic,,,,,"ATP8A2:NM_001313741:exon25:c.C2172T:p.I724I,ATP8A2:NM_016529:exon25:c.C2292T:p.I764I",3.32E-05,0.0004,,,0.4180779,5.603724305,2.608697842,-1.1(6.89%),VQSRTrancheSNP99.70to99.80,'0/1',"110,115",99,'0/0',"54,0",99,'0/0',"67,0",99,Disease=Autism
LGD,650706,14,21871807,.,A,AT,CHD8,frameshiftinsertion,exonic,,,,,"CHD8:NM_001170629:exon16:c.3322dupA:p.I1108fs,CHD8:NM_020920:exon17:c.2485dupA:p.I829fs",,,,,1,8.901999227,5.544481323,-2.34(1.18%),VQSRTrancheINDEL99.40to99.50,'0/1',"40,31",99,'0/0',"41,0",99,'0/0',"40,0",99,Disease=Autism
Other,650706,14,64460718,rs374499037,G,A,MIR548AZ,,ncRNA_intronic,,,,,,8.29E-06,6.06E-05,.,,,,,,PASS,'0/2',"19,0,25",99,'0/0',"29,0,0",63,'0/0',"34,0,0",99,Disease=Autism
Silent,650713,1,183091346,.,A,C,LAMC1,synonymousSNV,exonic,,,,,LAMC1:NM_002293:exon13:c.A2361C:p.T787T,,,,,0.999999625,6.879110648,0.928304558,-2.49(0.94%),VQSRTrancheSNP99.60to99.70,'0/1',"45,46",99,'0/0',"36,0",99,'0/0',"36,0",99,Disease=Autism
LGD,650713,6,33411558,.,ACAGT,A,SYNGAP1,frameshiftdeletion,exonic,,,,,SYNGAP1:NM_006772:exon15:c.3230_3233del:p.T1077fs,,,,,0.99999845,6.223597828,7.15101337,-1.15(6.23%),PASS,'0/1',"89,85",99,'0/0',"39,0",99,'0/0',"35,0",99,Disease=Autism
Silent,650713,19,45889156,rs140130206,G,A,PPP1R13L,synonymousSNV,exonic,,,,,"PPP1R13L:NM_001142502:exon10:c.C2007T:p.C669C,PPP1R13L:NM_006663:exon10:c.C2007T:p.C669C",2.02E-05,0.0002,,,0.002654018,2.765366889,2.378920639,NA(NA%),PASS,'0/1',"21,18",99,'0/0',"39,0",99,'0/0',"37,0",99,Disease=Autism
Other,650725,3,27444585,.,C,T,SLC4A7,,intronic,,,,,,,,,,0.697707973,5.153678177,1.238213981,-0.97(8.96%),VQSRTrancheSNP99.70to99.80,'0/1',"24,23",99,'0/0',"25,0",72,'0/0',"32,0",93,Disease=Autism
Other,650725,16,89761225,.,CCGCCCG,C,CDK10,,intronic,F,,,,,,,,,2.34E-10,0.441465428,-0.464244868,0.07(58.96%),PASS,'0/1',"22,35,0",99,'0/0',"23,0,0",53,'0/0',"36,0,0",81,Disease=Autism
Other,650725,16,89761232,.,TGCCCACGCCCTCTGCGCCCGCAGCCCCC,T,CDK10,,intronic,F,,,,,,,,,2.34E-10,0.441465428,-0.464244868,0.07(58.96%),PASS,'0/1',"23,36,0",99,'0/0',"25,0,0",60,'0/0',"33,0,0",75,Disease=Autism
Other,650867,1,24671498,rs66910656,CT,C,GRHL3,,intronic,,,,,,,,,,0.995583958,4.228056254,1.376423903,0.54(81.09%),VQSRTrancheINDEL99.40to99.50,'0/2',"2,0,6",44,'0/0',"87,0,0",99,'0/0',"130,0,0",99,Disease=Autism
Other,650867,1,24671502,.,GCCACACCTGTGCCCCCTCTACACCTGTGCCCCCTCCACACCTGTGCCCCT,TCCACACCTGTGCCCCCTCTACACCTGTGCCCCCTCCACACCTGTGCCCCT,GRHL3,,intronic,F,,,,,,,,,0.995583958,4.228056254,1.376423903,0.54(81.09%),PASS,'0/1',"2,6,0",42,'0/0',"87,0,0",99,'0/0',"130,0,0",99,Disease=Autism
Other,650867,1,24671513,.,GC,G,GRHL3,,intronic,F,,,,,,,,,0.995583958,4.228056254,1.376423903,0.54(81.09%),VQSRTrancheINDEL99.30to99.40,'0/2',"2,0,6",29,'0/0',"87,0,0",99,'0/0',"130,0,0",99,Disease=Autism
Dmis,650867,4,146478964,.,C,T,SMAD1,nonsynonymousSNV,exonic,,D,D,22.1,"SMAD1:NM_001003688:exon7:c.C1276T:p.R426C,SMAD1:NM_005900:exon7:c.C1276T:p.R426C",,,,,0.870045546,2.949497423,2.642460531,-0.41(26.23%),VQSRTrancheSNP99.80to99.90,'0/1',"23,22",99,'0/0',"42,0",99,'0/0',"35,0",99,Disease=Autism
Other,650867,9,136404807,.,T,TGTCCCGGCTGTCCCGGCTGTCCCG,ADAMTSL2,,intronic,P,,,,,,,,,0.071058667,2.301715623,1.355676592,NA(NA%),PASS,'0/3',"23,0,0,12,0,0",99,'0/0',"45,0,0,0,0,0",99,'0/0',"76,0,0,0,0,0",99,Disease=Autism
Silent,650869,1,53535677,.,G,A,PODN,synonymousSNV,exonic,,,,,"PODN:NM_001199082:exon2:c.G294A:p.P98P,PODN:NM_153703:exon2:c.G294A:p.P98P,PODN:NM_001199081:exon3:c.G237A:p.P79P,PODN:NM_001199080:exon4:c.G237A:p.P79P",,,,,5.20E-07,1.609892028,1.552808343,0.03(55.81%),VQSRTrancheSNP99.80to99.90,'0/1',"101,120",99,'0/0',"52,0",99,'0/0',"42,0",99,Disease=Autism
Other,650869,2,220290724,.,C,T,DES,,UTR3,,,,,,,,,,0.003082434,2.354212015,2.341507377,-0.51(21.56%),VQSRTrancheSNP99.80to99.90,'0/1',"119,94",99,'0/0',"40,0",99,'0/0',"36,0",99,Disease=Autism
Bmis,650869,3,122437694,.,A,G,PARP14,nonsynonymousSNV,exonic,,T,B,2.007,PARP14:NM_017554:exon14:c.A4696G:p.T1566A,,,,,0.01296069,4.358360889,1.109042099,-0.55(20.02%),PASS,'0/1',"43,51",99,'0/0',"43,0",99,'0/0',"50,0",99,Disease=Autism
Other,650869,4,39216391,.,TA,T,MIR1273H,,ncRNA_intronic,P,,,,,,,,,,,,,PASS,'0/1',"24,14",99,'0/0',"28,0",42,'0/0',"39,0",69,Disease=Autism
Other,650869,6,73843450,.,C,T,KCNQ5,,intronic,,,,,,,,,,0.999535087,5.359563144,4.616651705,-0.73(14.08%),VQSRTrancheSNP99.70to99.80,'0/1',"27,29",99,'0/0',"36,0",99,'0/0',"41,0",99,Disease=Autism
Other,650869,19,35644775,.,C,G,FXYD7,,intronic,,,,,,,,,,0.122293437,1.371155674,0.945520432,0.06(58%),VQSRTrancheSNP99.80to99.90,'0/1',"47,35",99,'0/0',"34,0",99,'0/0',"37,0",99,Disease=Autism
Silent,652391,1,160604608,.,T,C,SLAMF1,synonymousSNV,exonic,,,,,SLAMF1:NM_003037:exon3:c.A495G:p.T165T,,,,,0.135406432,2.111754837,0.23961766,0.73(86.17%),VQSRTrancheSNP99.80to99.90,'0/1',"57,57",99,'0/0',"44,0",99,'0/0',"37,0",99,Disease=Autism
Other,652391,8,72974950,.,A,T,TRPA1,,intronic,,,,,,,,,,9.97E-23,0.797556437,-0.557623874,0.79(87.29%),VQSRTrancheSNP99.80to99.90,'0/1',"22,7",99,'0/0',"42,0",99,'0/0',"24,0",36,Disease=Autism
Dmis,652391,8,125094635,.,G,A,FER1L6,nonsynonymousSNV,exonic,P,D,D,35,FER1L6:NM_001039112:exon33:c.G4327A:p.D1443N,4.94E-05,0.0003,,,8.00E-30,1.838380426,-0.854434343,-0.13(44.06%),VQSRTrancheSNP99.80to99.90,'0/1',"22,12",99,'0/0',"37,0",99,'0/0',"36,0",99,Disease=Autism
Other,652391,9,136404807,.,T,TGTCCCGGCTGTCCCGGCTGTCCCGGCTGTCCCGGCTGTCCCG,ADAMTSL2,,intronic,P,,,,,,,,,0.071058667,2.301715623,1.355676592,NA(NA%),PASS,'0/5',"13,0,0,0,0,17",99,'0/0',"98,0,0,0,0,0",99,'0/0',"43,0,0,0,0,0",99,Disease=Autism
Other,652391,11,110023801,rs371728955,G,A,ZC3H12C,,intronic,,,,,,3.12E-05,0.0002,,,0.998726025,4.597746274,1.147179244,-0.73(14.14%),VQSRTrancheSNP99.70to99.80,'0/1',"7,14",99,'0/0',"45,0",99,'0/0',"34,0",90,Disease=Autism
PDmis,652391,16,88958738,.,G,A,CBFA2T3,nonsynonymousSNV,exonic,,T,D,17.56,"CBFA2T3:NM_175931:exon3:c.C277T:p.R93C,CBFA2T3:NM_005187:exon4:c.C535T:p.R179C",2.54E-05,0.0001,0.000199681,0.0008,0.454440082,3.328513473,-0.041017294,-1.02(8.14%),VQSRTrancheSNP99.80to99.90,'0/1',"58,49",99,'0/0',"36,0",99,'0/0',"39,0",99,Disease=Autism
Other,652391,19,57908615,.,G,A,ZNF548,,intronic,,,,,,3.61E-05,9.82E-05,,,0.099573543,2.480581626,-0.155961943,0.4(76.31%),VQSRTrancheSNP99.80to99.90,'0/1',"16,15",99,'0/0',"39,0",99,'0/0',"19,0",51,Disease=Autism
Other,652393,11,122738894,.,ATATGTGTGTGTG,ATGTGTGTG,CRTAM,,intronic,F,,,,,,,,,1.15E-06,0.958781401,-0.753101437,0.6(82.78%),VQSRTrancheINDEL99.20to99.30,'0/1',"12,21,0,0,0,0",99,'0/0',"22,0,0,0,0,0",65,'0/0',"36,0,0,0,0,0",36,Disease=Autism
Bmis,652393,17,30677323,.,A,C,ZNF207,nonsynonymousSNV,exonic,,T,B,23.4,"ZNF207:NM_001032293:exon1:c.A19C:p.K7Q,ZNF207:NM_001098507:exon1:c.A19C:p.K7Q,ZNF207:NM_003457:exon1:c.A19C:p.K7Q",,,,,0.054263846,3.113745637,1.962400819,-0.18(40.16%),VQSRTrancheSNP99.70to99.80,'0/1',"56,69",99,'0/0',"55,0",99,'0/0',"39,0",99,Disease=Autism
PDmis,652397,2,42720400,.,C,T,KCNG3,nonsynonymousSNV,exonic,,T,D,22.4,"KCNG3:NM_133329:exon1:c.G242A:p.G81D,KCNG3:NM_172344:exon1:c.G242A:p.G81D",9.09E-06,1.66E-05,,,0.04059744,1.32858905,3.724521362,-0.34(30.07%),VQSRTrancheSNP99.80to99.90,'0/1',"49,41",99,'0/0',"34,0",99,'0/0',"36,0",99,Disease=Autism
Other,652397,4,74607208,.,GA,G,CXCL8,,intronic,P,,,,,,,,,,,,,PASS,'0/1',"43,52",99,'0/0',"45,0",99,'0/0',"48,0",99,Disease=Autism
Bmis,652397,19,5832022,.,G,A,FUT6,nonsynonymousSNV,exonic,,T,B,9.506,"FUT6:NM_001040701:exon2:c.C557T:p.S186L,FUT6:NM_000150:exon3:c.C557T:p.S186L",1.66E-05,6.06E-05,,,0.022129953,1.644430154,1.278252925,0.18(66.13%),VQSRTrancheSNP99.70to99.80,'0/1',"62,43",99,'0/0',"66,0",99,'0/0',"34,0",99,Disease=Autism
Other,652412,1,110251026,.,C,A,"GSTM1,GSTM5",,intergenic,,,,,,,,,,,,,,PASS,'0/1',"26,32",99,'0/0',"41,0",99,'0/0',"25,0",72,Disease=Autism
Other,652412,9,4572169,.,G,A,SLC1A1,,intronic,,,,,,1.65E-05,0.0001,,,0.001271167,2.458350529,-1.671508885,-0.71(14.67%),VQSRTrancheSNP99.80to99.90,'0/1',"21,14",99,'0/0',"32,0",90,'0/0',"17,0",45,Disease=Autism
Bmis,652412,13,24797252,.,C,G,SPATA13,nonsynonymousSNV,exonic,,T,.,9.787,"SPATA13:NM_001166271:exon2:c.C185G:p.T62S,SPATA13:NM_001286792:exon4:c.C371G:p.T124S",,,,,0.528844213,3.796129429,1.148081789,2.01(97.67%),VQSRTrancheSNP99.80to99.90,'0/1',"41,27",99,'0/0',"40,0",99,'0/0',"27,0",45,Disease=Autism
Silent,652572,10,50121829,rs144747704,G,A,LRRC18,synonymousSNV,exonic,,,,,LRRC18:NM_001006939:exon1:c.C372T:p.R124R,0.0003,0.0031,0.000599042,0.0023,0.000124173,-0.950241912,-1.866264234,0.24(69.46%),PASS,'0/1',"22,28",99,'0/0',"49,0",99,'0/0',"44,0",99,Disease=Autism
LGD,652572,11,130339155,.,A,G,ADAMTS15,,splicing,,.,.,16.48,,9.12E-06,1.58E-05,,,0.679914358,4.001771603,2.57870367,0.68(84.75%),VQSRTrancheSNP99.80to99.90,'0/1',"14,15",99,'0/0',"38,0",99,'0/0',"35,0",90,Disease=Autism
Bmis,652572,13,113729393,.,C,T,MCF2L,nonsynonymousSNV,exonic,,T,D,13.03,"MCF2L:NM_001112732:exon11:c.C1198T:p.R400C,MCF2L:NM_024979:exon11:c.C1192T:p.R398C",,,0.000199681,0.0008,0.795541404,5.279486412,1.925437764,-1.58(3.14%),VQSRTrancheSNP99.80to99.90,'0/1',"63,66",99,'0/0',"43,0",99,'0/0',"40,0",99,Disease=Autism
Other,652573,5,13729724,.,CTATT,C,DNAH5,,intronic,P,,,,,,,,,5.79E-37,6.008274234,-1.746008428,-0.18(40.16%),PASS,'0/1',"10,13",99,'0/0',"14,0",39,'0/0',"21,0",57,Disease=Autism
Other,652573,10,105205111,.,T,C,PDCD11,,intronic,,,,,,,,,,0.468448698,6.298473108,0.556099794,-0.24(36.18%),VQSRTrancheSNP99.70to99.80,'0/1',"21,16",99,'0/0',"20,0",60,'0/0',"34,0",99,Disease=Autism
Other,652573,12,132401626,.,CTCGGAGGCTGTGGGATGGGGGTCGGAGGCTGTGGGATGGGGG,CTCGGAGGCTGTGGGACGGGGGTCGGAGGCTGTGGGACGGGGGTCGGAGGCTGTGGGATGGGGGTCGGAGGCTGTGGGATGGGGG,ULK1,,intronic,P,,,,,.,,,,0.964459663,5.006010105,0.899950917,-1.22(5.56%),VQSRTrancheINDEL99.40to99.50,'4/4',"1,0,0,0,47,0,0",99,'0/0',"51,0,0,0,0,0,0",82,'0/0',"61,0,0,0,0,0,0",99,Disease=Autism
Dmis,652613,7,107323684,rs200431470,A,G,SLC26A4,nonsynonymousSNV,exonic,,D,D,23.8,SLC26A4:NM_000441:exon7:c.A803G:p.N268S,4.14E-05,0.0002,0.000399361,0.0029,6.37E-13,1.026698625,-3.230797306,1.14(92.34%),VQSRTrancheSNP99.80to99.90,'0/1',"20,25",99,'0/0',"33,0",99,'0/0',"37,0",99,Disease=Autism
Dmis,652613,20,55966762,.,C,T,RBM38,nonsynonymousSNV,exonic,,D,D,16.53,"RBM38:NM_001291780:exon1:c.C125T:p.P42L,RBM38:NM_017495:exon1:c.C125T:p.P42L,RBM38:NM_183425:exon1:c.C125T:p.P42L",,,,,0.859282996,2.456856058,1.372867975,0.44(77.57%),VQSRTrancheSNP99.80to99.90,'0/1',"215,61",99,'0/0',"35,0",99,'0/0',"35,0",99,Disease=Autism
Other,652654,17,39726073,.,T,G,KRT9,,intronic,,,,,,,,,,0.001318731,1.953308841,-0.904721066,-1.2(5.83%),VQSRTrancheSNP99.80to99.90,'0/1',"16,14",99,'0/0',"33,0",90,'0/0',"25,0",72,Disease=Autism
Other,652657,1,118168232,.,A,AT,FAM46C,,UTR3,,,,,,,,,,0.523539098,2.028644878,2.089955284,-0.11(45.26%),PASS,'0/1',"22,6",76,'0/0',"39,0",80,'0/0',"48,0",99,Disease=Autism
Other,652657,2,159683005,.,C,CTATATATATATATATATATATATATATATATATA,"DAPL1,TANC1",,intergenic,F,,,,,,,,,,,,,VQSRTrancheINDEL99.20to99.30,'0/1',"57,21",99,'0/0',"105,0",99,'0/0',"99,0",99,Disease=Autism
PDmis,652657,3,194343976,.,G,A,TMEM44,nonsynonymousSNV,exonic,,T,D,18.13,"TMEM44:NM_001011655:exon5:c.C589T:p.R197W,TMEM44:NM_001166305:exon5:c.C589T:p.R197W,TMEM44:NM_001166306:exon5:c.C589T:p.R197W,TMEM44:NM_138399:exon5:c.C589T:p.R197W",,,,,1.19E-06,0.479363707,-1.57936233,1.78(96.84%),PASS,'0/1',"26,23",99,'0/0',"34,0",99,'0/0',"41,0",99,Disease=Autism
Bmis,652657,12,78225389,.,T,G,NAV3,nonsynonymousSNV,exonic,,T,B,13.25,"NAV3:NM_001024383:exon1:c.T148G:p.S50A,NAV3:NM_014903:exon1:c.T148G:p.S50A",,,,,0.999999399,7.65396352,-0.404207792,-2.05(1.65%),VQSRTrancheSNP99.60to99.70,'0/1',"25,26",99,'0/0',"41,0",99,'0/0',"41,0",99,Disease=Autism
Bmis,652677,2,179615563,.,A,G,TTN,nonsynonymousSNV,exonic,,T,B,2.604,TTN:NM_133379:exon46:c.T11564C:p.I3855T,,,,,1.21E-32,21.43248649,-5.481269978,2.17(98.04%),VQSRTrancheSNP99.80to99.90,'0/1',"22,8",99,'0/0',"22,0",60,'0/0',"38,0",99,Disease=Autism
Other,652677,11,57097515,.,C,T,SSRP1,,intronic,,,,,,,,,,0.999693192,4.987105096,4.534620956,-0.76(13.45%),VQSRTrancheSNP99.80to99.90,'0/1',"13,20",99,'0/0',"29,0",81,'0/0',"32,0",90,Disease=Autism
Bmis,652677,16,21214508,.,C,T,ZP2,nonsynonymousSNV,exonic,,T,B,0.01,"ZP2:NM_001290104:exon11:c.G1037A:p.R346Q,ZP2:NM_003460:exon11:c.G1037A:p.R346Q",,,,,1.04E-05,2.798935292,-1.165291329,-0.84(11.36%),VQSRTrancheSNP99.80to99.90,'0/1',"26,21",99,'0/0',"32,0",90,'0/0',"35,0",99,Disease=Autism
Other,652682,14,103341877,.,T,A,TRAF3,,intronic,,,,,,,,,,0.998405669,4.259581737,3.670222626,-0.45(24.33%),VQSRTrancheSNP99.80to99.90,'0/1',"9,7",99,'0/0',"10,0",30,'0/0',"19,0",57,Disease=Autism
Other,653350,16,58610570,.,G,T,CNOT1,,intronic,,,,,,,,,,1,9.091235602,7.442465186,-1.9(1.97%),VQSRTrancheSNP99.80to99.90,'0/1',"11,6",99,'0/0',"22,0",57,'0/0',"13,0",30,Disease=Autism
Other,653350,17,9546577,.,A,G,CFAP52,,UTR3,,,,,,,,,,,,,,VQSRTrancheSNP99.70to99.80,'0/1',"8,15",99,'0/0',"18,0",51,'0/0',"17,0",45,Disease=Autism
Silent,653355,8,55060108,.,T,C,MRPL15,synonymousSNV,exonic,,,,,MRPL15:NM_014175:exon5:c.T720C:p.Y240Y,,,,,1.34E-05,0.345782062,0.522695258,0.28(71.41%),VQSRTrancheSNP99.70to99.80,'0/1',"41,38",99,'0/0',"36,0",99,'0/0',"35,0",99,Disease=Autism
Other,653367,17,15644561,.,T,G,TBC1D26,,intronic,,,,,,,,,,0.861486844,2.916978991,1.72878768,1.28(93.77%),VQSRTrancheSNP99.80to99.90,'0/1',"17,17",99,'0/0',"32,0",90,'0/0',"27,0",72,Disease=Autism
Other,653367,22,30772163,.,C,G,KIAA1656,,ncRNA_intronic,,,,,,,,,,,,,,VQSRTrancheSNP99.70to99.80,'0/1',"19,21",99,'0/0',"40,0",99,'0/0',"35,0",99,Disease=Autism
Other,653369,6,119297229,.,A,G,FAM184A,,intronic,,,,,,,,,,2.04E-13,2.337281125,-0.17334381,-0.22(37.66%),VQSRTrancheSNP99.80to99.90,'0/1',"12,13",99,'0/0',"27,0",60,'0/0',"34,0",90,Disease=Autism
Other,653394,1,15873395,.,T,TTTTTCTTTTC,DNAJC16,,intronic,P,,,,,0.0008,0.0092,,,3.79E-05,3.249708896,-0.023339553,-1.26(5.26%),PASS,'0/1',"22,15,0,0",99,'0/0',"169,0,0,0",99,'0/0',"97,0,0,0",99,Disease=Autism
Other,653394,4,27000834,.,T,C,STIM2,,intronic,,,,,,,,,,,,,-1.24(5.41%),VQSRTrancheSNP99.80to99.90,'0/1',"31,10",99,'0/0',"40,0",99,'0/0',"34,0",90,Disease=Autism
Other,653394,15,69692248,.,A,G,LOC145694,,ncRNA_intronic,,,,,,,,,,,,,,PASS,'0/1',"19,12",99,'0/0',"35,0",99,'0/0',"26,0",72,Disease=Autism
Other,653394,17,9808085,.,C,T,RCVRN,,intronic,,,,,,1.78E-05,0.0012,,,2.96E-07,-0.711347925,0.788210529,0.3(72.01%),VQSRTrancheSNP99.70to99.80,'0/1',"28,23",99,'0/0',"42,0",99,'0/0',"36,0",99,Disease=Autism
Other,653394,19,4525869,.,CACGGGGACAGGATACGGGGACAGCACGGGGACAGGATACGGGGACAGCACGGGGACAGGATACGGGGACAGCACGGGGACAGGAT,C,PLIN5,,intronic,F,,,,,1.80E-05,0.0002,,,1.32E-07,0.191414287,0.291090181,NA(NA%),PASS,'0/2',"21,0,27",99,'0/0',"36,0,0",99,'0/0',"37,0,0",69,Disease=Autism
Other,653394,X,1484203,.,AGCGGGGTGC,A,IL3RA,,intronic,F,,,,,,,,,1.10E-12,-0.19516911,-1.923158876,-0.09(47.12%),VQSRTrancheINDEL99.30to99.40,'0/2',"26,0,34",99,'0/0',"56,0,0",60,'0/0',"47,0,0",99,Disease=Autism
Silent,654050,3,33194720,.,G,A,SUSD5,synonymousSNV,exonic,,,,,SUSD5:NM_015551:exon5:c.C1404T:p.Y468Y,,,,,4.31E-09,-0.502270034,-1.409166914,1.53(95.56%),VQSRTrancheSNP99.70to99.80,'0/1',"27,26",99,'0/0',"28,0",72,'0/0',"29,0",78,Disease=Autism
LGD,654050,3,183907213,.,G,A,ABCF3,stopgain,exonic,,.,.,35,ABCF3:NM_018358:exon12:c.G1095A:p.W365X,,,,,0.004026166,3.692540092,0.907939328,-0.77(13.15%),VQSRTrancheSNP99.70to99.80,'0/1',"26,19",99,'0/0',"21,0",54,'0/0',"20,0",54,Disease=Autism
PDmis,654050,22,42128476,.,G,C,MEI1,nonsynonymousSNV,exonic,,T,D,17.81,MEI1:NM_152513:exon11:c.G1200C:p.Q400H,,,,,1.22E-08,3.217625354,-0.769335512,-0.46(23.7%),PASS,'0/1',"19,19",99,'0/0',"14,0",42,'0/0',"21,0",60,Disease=Autism
InframeIndel,654051,1,186276013,.,TCTGCACCCACCACTCCCAAGGAGCCTGCACCCACCACCACCAAGGAGC,T,PRG4,nonframeshiftdeletion,exonic,F,,,,"PRG4:NM_001127710:exon4:c.761_808del:p.254_270del,PRG4:NM_001127709:exon5:c.884_931del:p.295_311del,PRG4:NM_001127708:exon6:c.1040_1087del:p.347_363del,PRG4:NM_001303232:exon6:c.1034_1081del:p.345_361del,PRG4:NM_005807:exon7:c.1163_1210del:p.388_404del",,,,,0.469279559,3.71666737,-2.35691956,1.5(95.39%),PASS,'0/1',"25,8",99,'0/0',"36,0",99,'0/0',"38,0",99,Disease=Autism
Bmis,654051,2,63176110,.,G,A,EHBP1,nonsynonymousSNV,exonic,,T,B,1.172,"EHBP1:NM_001142614:exon12:c.G2129A:p.C710Y,EHBP1:NM_001142615:exon13:c.G2129A:p.C710Y,EHBP1:NM_001142616:exon13:c.G2129A:p.C710Y,EHBP1:NM_015252:exon14:c.G2234A:p.C745Y",8.29E-06,9.89E-05,,,0.999748962,6.155532545,0.055413197,-0.08(47.22%),VQSRTrancheSNP99.80to99.90,'0/1',"38,51",99,'0/0',"42,0",99,'0/0',"45,0",99,Disease=Autism
Bmis,654051,14,102323179,rs375065027,G,A,PPP2R5C,nonsynonymousSNV,exonic,,T,P,26.2,"PPP2R5C:NM_002719:exon2:c.G251A:p.R84Q,PPP2R5C:NM_178586:exon2:c.G251A:p.R84Q,PPP2R5C:NM_178587:exon2:c.G251A:p.R84Q,PPP2R5C:NM_001161725:exon4:c.G344A:p.R115Q,PPP2R5C:NM_001161726:exon4:c.G416A:p.R139Q",1.65E-05,0.0001,0.000199681,0.0014,0.997672663,4.422512347,2.693922032,0.02(55.45%),PASS,'0/1',"34,25",99,'0/0',"36,0",99,'0/0',"39,0",99,Disease=Autism
LGD,654051,17,19835117,.,C,T,AKAP10,,splicing,,.,.,15.07,,,,,,0.932283431,4.265061999,0.384427239,7.61E-05(53.98%),VQSRTrancheSNP99.80to99.90,'0/1',"62,57",99,'0/0',"33,0",99,'0/0',"43,0",99,Disease=Autism
Other,654059,1,1225570,.,C,CT,SCNN1D,,intronic,P,,,,,,,,,2.82E-15,-0.556661453,-2.401516198,1.77(96.78%),PASS,'0/2',"25,0,9",99,'0/0',"38,0,0",99,'0/0',"38,0,0",99,Disease=Autism
Silent,654394,11,1857427,.,C,T,SYT8,synonymousSNV,exonic,,T,.,0.246,"SYT8:NM_001290332:exon5:c.C474T:p.S158S,SYT8:NM_001290333:exon5:c.C471T:p.S157S,SYT8:NM_001290334:exon5:c.C468T:p.S156S,SYT8:NM_138567:exon5:c.C471T:p.S157S",0.0004,0.0021,,,7.59E-13,-0.764356188,-0.794889168,1.16(92.63%),PASS,'0/1',"117,96",99,'0/0',"57,0",99,'0/0',"70,0",99,Disease=Autism
Other,654394,X,1484203,.,AGCGGGGTGC,A,IL3RA,,intronic,F,,,,,,,,,1.10E-12,-0.19516911,-1.923158876,-0.09(47.12%),VQSRTrancheINDEL99.30to99.40,'0/2',"13,0,15",99,'0/0',"39,0,0",60,'0/0',"51,0,0",99,Disease=Autism
Other,654400,3,12598619,rs376966478,G,A,MKRN2,,UTR5,,,,,,7.87E-05,0.0003,,,0.407628906,2.832287044,0.186524098,-0.67(15.62%),VQSRTrancheSNP99.80to99.90,'0/1',"16,8",99,'0/0',"34,0",99,'0/0',"33,0",99,Disease=Autism
Silent,654400,4,85611791,.,A,C,WDFY3,synonymousSNV,exonic,,,,,WDFY3:NM_014991:exon61:c.T9231G:p.S3077S,,,,,1,10.96379107,5.718146529,-2.82(0.63%),VQSRTrancheSNP99.70to99.80,'0/1',"28,8",99,'0/0',"41,0",99,'0/0',"33,0",99,Disease=Autism
Other,654400,5,109049506,.,CCTTTT,CTTT,MAN2A1,,intronic,P,,,,,0.0002,0.0004,,,0.018644433,4.739353846,-1.531486882,-1.57(3.2%),PASS,'0/4',"7,0,0,0,8",99,'0/0',"32,0,0,0,0",54,'0/0',"35,0,0,0,0",47,Disease=Autism
Other,654400,8,94767986,.,T,C,TMEM67,,intronic,,,,,,,,,,1.21E-17,1.775875135,-0.47571003,0.31(72.75%),VQSRTrancheSNP99.80to99.90,'0/1',"38,19",99,'0/0',"140,0",60,'0/0',"111,0",57,Disease=Autism
Other,654407,6,43469485,.,CACACACACACACTCTCTCTG,CG,TJAP1,,intronic,P,,,,,,,,,0.001059393,1.845156533,0.795185571,0.24(69.51%),PASS,'0/2',"28,0,28",99,'0/0',"45,0,0",99,'0/0',"49,0,0",72,Disease=Autism
PDmis,654407,7,23221735,rs370296256,C,T,NUPL2,nonsynonymousSNV,exonic,,T,D,17.75,NUPL2:NM_007342:exon1:c.C31T:p.R11W,1.66E-05,9.76E-05,,,3.67E-05,0.795244638,-1.346936505,0.77(87.06%),VQSRTrancheSNP99.70to99.80,'0/1',"25,34",99,'0/0',"35,0",99,'0/0',"36,0",99,Disease=Autism
Other,654407,11,654164,.,CCTTTT,CTT,DEAF1,,intronic,F,,,,,,,,,0.000193157,2.128776915,2.737377444,-0.89(10.43%),PASS,'0/1',"32,28,0,0,0,0",99,'0/0',"17,0,0,0,0,0",87,'0/0',"50,0,0,0,0,0",60,Disease=Autism
PDmis,654407,20,47309210,.,C,G,PREX1,nonsynonymousSNV,exonic,,T,D,33,PREX1:NM_020820:exon8:c.G1036C:p.A346P,,,,,0.999999622,7.054969048,4.109517929,0.07(58.96%),VQSRTrancheSNP99.70to99.80,'0/1',"17,20",99,'0/0',"35,0",99,'0/0',"37,0",99,Disease=Autism
Other,654411,1,98511739,.,G,GCCGCTGCTACCGCTGCCGCTGCTACCGCTT,MIR137HG,,ncRNA_exonic,P,,,,,,,,,,,,,VQSRTrancheINDEL99.00to99.10,'0/2',"19,0,27",99,'0/0',"40,0,0",99,'0/0',"100,0,0",99,Disease=Autism
Other,654412,9,136404808,.,G,GTCCCGGCTGTCCCGGCTGTCCCGGCTGTCCCGGCTGTC,ADAMTSL2,,intronic,P,,,,,,,,,0.071058667,2.301715623,1.355676592,NA(NA%),PASS,'0/6',"23,0,0,0,0,0,21",99,'0/0',"80,0,0,0,0,0,0",99,'0/0',"71,0,0,0,0,0,0",99,Disease=Autism
Other,654412,10,73056558,.,AGG,A,UNC5B,,intronic,F,,,,,,,,,0.000746121,3.500599268,-0.173321382,-1.63(2.88%),VQSRTrancheINDEL99.10to99.20,'0/1',"10,9,0",99,'0/0',"48,0,0",96,'0/0',"32,0,0",81,Disease=Autism
Other,654419,8,143546366,.,T,C,ADGRB1,,intronic,,,,,,,,,,,,,,VQSRTrancheSNP99.80to99.90,'0/1',"17,17",99,'0/0',"26,0",72,'0/0',"23,0",51,Disease=Autism
Other,654419,11,47806666,.,TAGAGTACCATTCAAAGCATGTATTTACAAGGAAAAC,T,NUP160,,intronic,F,,,,,0,0,,,0.023979153,5.999237678,0.454285066,-1.77(2.32%),VQSRTrancheINDEL99.40to99.50,'4/4',"0,0,0,0,11",33,'0/0',"16,0,0,0,0",30,'0/0',"18,0,0,0,0",33,Disease=Autism
Other,657336,6,44116140,.,C,G,TMEM63B,,intronic,,,,,,,,,,0.999844992,5.395196385,5.212303841,-1.11(6.78%),VQSRTrancheSNP99.70to99.80,'0/1',"34,22",99,'0/0',"34,0",99,'0/0',"37,0",99,Disease=Autism
Silent,657336,17,65083189,.,G,C,HELZ,synonymousSNV,exonic,,,,,HELZ:NM_014877:exon32:c.C5250G:p.P1750P,,,,,1,8.026749361,2.604542893,-1.21(5.71%),VQSRTrancheSNP99.80to99.90,'0/1',"27,20",99,'0/0',"38,0",99,'0/0',"37,0",99,Disease=Autism
PDmis,657337,4,87643520,.,T,C,PTPN13,nonsynonymousSNV,exonic,,T,D,20.4,"PTPN13:NM_006264:exon10:c.T1541C:p.L514P,PTPN13:NM_080683:exon10:c.T1541C:p.L514P,PTPN13:NM_080684:exon10:c.T1541C:p.L514P,PTPN13:NM_080685:exon10:c.T1541C:p.L514P",,,,,5.06E-10,5.25212371,-2.993670095,1.3(93.89%),VQSRTrancheSNP99.60to99.70,'0/1',"179,136",99,'0/0',"48,0",99,'0/0',"44,0",99,Disease=Autism
Other,657339,2,42922806,.,GT,AT,MTA3,,intronic,P,,,,,,,,,0.855163472,3.668625928,0.061359953,-0.6(17.91%),VQSRTrancheINDEL99.40to99.50,'0/2',"19,0,12",99,'0/0',"43,0,0",99,'0/0',"16,0,0",39,Disease=Autism
Other,657339,11,102401238,.,A,C,MMP7,,intronic,,,,,,,,,,1.66E-09,-0.291954554,-1.265405713,0.33(73.54%),VQSRTrancheSNP99.80to99.90,'0/1',"15,10",99,'0/0',"40,0",99,'0/0',"36,0",99,Disease=Autism
Other,657340,6,30893209,.,G,A,VARS2,,intronic,,,,,,,,,,4.22E-14,3.270199536,2.47429619,2.34(98.4%),VQSRTrancheSNP99.80to99.90,'0/1',"33,21",99,'0/0',"101,0",99,'0/0',"64,0",99,Disease=Autism
LGD,657340,20,49508976,.,GACCCTTGGGGTCTAAAGCTAAAACA,G,ADNP,frameshiftdeletion,exonic,P,,,,"ADNP:NM_001282532:exon4:c.2250_2274del:p.V750fs,ADNP:NM_181442:exon4:c.2250_2274del:p.V750fs,ADNP:NM_015339:exon5:c.2250_2274del:p.V750fs,ADNP:NM_001282531:exon6:c.2250_2274del:p.V750fs",,,,,0.9989041,4.640481297,1.021992785,-1.41(4.13%),PASS,'0/1',"21,19",99,'0/0',"60,0",99,'0/0',"43,0",99,Disease=Autism
Other,657348,1,89150260,.,C,G,PKN2-AS1,,ncRNA_intronic,,,,,,,,,,,,,,VQSRTrancheSNP99.80to99.90,'0/1',"99,93",99,'0/0',"74,0",99,'0/0',"98,0",99,Disease=Autism
Other,657348,2,905889,.,CGTCTGGTGTTTCAGTTCCTCCCGGGCTCCTCGCCTGCACTGG,C,"LOC101060385,SNTG2",,intergenic,F,,,,,9.18E-05,0.0006,,,,,,,PASS,'0/2',"16,0,8",99,'0/0',"19,0,0",57,'0/0',"37,0,0",99,Disease=Autism
Silent,657348,9,79267586,.,A,C,PRUNE2,synonymousSNV,exonic,,T,.,10.47,"PRUNE2:NM_001308050:exon3:c.T162G:p.S54S,PRUNE2:NM_001308051:exon3:c.T162G:p.S54S,PRUNE2:NM_001308049:exon4:c.T117G:p.S39S,PRUNE2:NM_001308047:exon11:c.T8370G:p.S2790S,PRUNE2:NM_001308048:exon11:c.T8370G:p.S2790S,PRUNE2:NM_015225:exon11:c.T8370G:p.S2790S",,,,,3.68E-12,4.133038926,-1.606976316,2.78(99.03%),VQSRTrancheSNP99.80to99.90,'0/1',"21,15",99,'0/0',"36,0",99,'0/0',"36,0",99,Disease=Autism
Other,657348,12,10332131,.,G,A,TMEM52B,,UTR5,,,,,,,,,,0.040180498,1.321533267,-0.453150687,,VQSRTrancheSNP99.80to99.90,'0/1',"26,33",99,'0/0',"40,0",99,'0/0',"38,0",99,Disease=Autism
Silent,657354,6,112508688,.,G,A,LAMA4,synonymousSNV,exonic,,T,.,4.654,"LAMA4:NM_001105206:exon8:c.C930T:p.H310H,LAMA4:NM_001105207:exon8:c.C909T:p.H303H,LAMA4:NM_002290:exon8:c.C909T:p.H303H",,,,,9.75E-09,4.927590968,-0.672465299,-1.33(4.68%),VQSRTrancheSNP99.80to99.90,'0/1',"29,32",99,'0/0',"40,0",99,'0/0',"37,0",99,Disease=Autism
Other,657354,10,24833841,.,G,A,KIAA1217,,intronic,,,,,,,,0.000199681,0.001,0.014167894,4.935703965,-0.704609389,-3.01(0.52%),VQSRTrancheSNP99.80to99.90,'0/1',"22,15",99,'0/0',"30,0",81,'0/0',"21,0",57,Disease=Autism
Bmis,657354,10,88730322,.,TTCGGCCTCCTGAAATGACAGCAGGGAGACTTGGG,TTCGGCCTCCTGAAATGACAGCAGGGAGACTTGGGTCGGCCTCCTGAAATGACAGCAGGGAGACTTGGG,ADIRF,.,exonic,F,,,,"ADIRF:NM_006829:exon3:c.215_345del:p.F72fs,(MultiAltSite)",.,,,,0.033386817,0.199331959,-0.436797061,,PASS,'0/2',"14,0,13",99,'0/0',"46,0,0",99,'0/0',"48,0,0",99,Disease=Autism
Other,657400,1,34666309,.,G,C,C1orf94,,intronic,,,,,,,,,,0.00437226,1.983643448,-1.501351988,1.09(91.87%),VQSRTrancheSNP99.70to99.80,'0/1',"14,21",99,'0/0',"39,0",99,'0/0',"33,0",99,Disease=Autism
Dmis,657400,3,121976152,.,C,T,CASR,nonsynonymousSNV,exonic,,D,D,22.1,"CASR:NM_000388:exon3:c.C410T:p.S137F,CASR:NM_001178065:exon3:c.C410T:p.S137F",,,,,0.366508674,3.916964246,3.524356798,-0.11(45.57%),VQSRTrancheSNP99.80to99.90,'0/1',"91,85",99,'0/0',"34,0",99,'0/0',"34,0",99,Disease=Autism
Other,657400,15,50546933,.,TTTTCTCTCTCTCTC,TTCTC,HDC,,intronic,F,,,,,,,,,0.514822964,3.777541369,0.866106811,-0.24(36.17%),PASS,'0/6',"9,0,0,0,0,0,12",99,'0/0',"33,0,0,0,0,0,0",99,'0/0',"24,0,0,0,0,0,0",30,Disease=Autism
Other,657404,1,1225552,.,C,CT,SCNN1D,,intronic,P,,,,,,,,,2.82E-15,-0.556661453,-2.401516198,1.77(96.78%),PASS,'0/2',"14,0,6",99,'0/0',"20,0,0",54,'0/0',"42,0,0",99,Disease=Autism
Bmis,657404,2,234890420,.,T,G,TRPM8,nonsynonymousSNV,exonic,,T,D,14.78,TRPM8:NM_024080:exon19:c.T2450G:p.L817R,,,,,4.74E-15,2.291724844,-0.075671424,-1.43(4.03%),VQSRTrancheSNP99.60to99.70,'0/1',"21,21",99,'0/0',"28,0",81,'0/0',"39,0",99,Disease=Autism
Other,657404,22,20731578,.,C,A,"RIMBP3,ZNF74",,intergenic,,,,,,,,,,,,,,VQSRTrancheSNP99.80to99.90,'0/1',"36,38",99,'0/0',"34,0",75,'0/0',"39,0",99,Disease=Autism
Silent,657434,11,111179021,.,G,A,COLCA2,synonymousSNV,exonic,,,,,"COLCA2:NM_001136105:exon5:c.G324A:p.S108S,COLCA2:NM_001271457:exon5:c.G324A:p.S108S,COLCA2:NM_001271458:exon5:c.G615A:p.S205S",4.60E-05,0.0001,,,,,,,PASS,'0/1',"16,20",99,'0/0',"41,0",99,'0/0',"38,0",99,Disease=Autism
LGD,657466,1,235972757,.,C,T,LYST,stopgain,exonic,,.,.,40,"LYST:NM_000081:exon5:c.G1361A:p.W454X,LYST:NM_001301365:exon5:c.G1361A:p.W454X",,,,,0.999978423,9.229707291,-0.645502825,-3.04(0.5%),PASS,'0/1',"10,18",99,'0/0',"42,0",99,'0/0',"37,0",99,Disease=Autism
Silent,657466,4,48116418,.,A,G,TXK,synonymousSNV,exonic,,,,,TXK:NM_003328:exon2:c.T18C:p.Y6Y,,,,,1.25E-07,1.992567999,-0.108519179,-0.16(42.06%),VQSRTrancheSNP99.70to99.80,'0/1',"28,37",99,'0/0',"34,0",99,'0/0',"37,0",99,Disease=Autism
PDmis,657466,21,43836572,.,C,A,UBASH3A,nonsynonymousSNV,exonic,,T,D,17.16,"UBASH3A:NM_001001895:exon5:c.C575A:p.T192N,UBASH3A:NM_001243467:exon5:c.C575A:p.T192N,UBASH3A:NM_018961:exon6:c.C689A:p.T230N",,,,,3.97E-07,1.981515719,-0.29684723,-0.88(10.58%),VQSRTrancheSNP99.80to99.90,'0/1',"40,11",99,'0/0',"35,0",99,'0/0',"37,0",99,Disease=Autism
Other,657509,4,148604882,.,T,C,PRMT9,,intronic,,,,,,,,,,,,,,VQSRTrancheINDEL99.20to99.30,'0/2',"37,0,18",99,'0/0',"98,0,0",99,'0/0',"103,0,0",99,Disease=Autism
PDmis,657509,8,124266190,.,T,A,ZHX1,nonsynonymousSNV,exonic,,T,D,20.3,"ZHX1:NM_001017926:exon3:c.A1997T:p.K666I,ZHX1:NM_007222:exon3:c.A1997T:p.K666I",,,,,0.821482967,3.203278512,0.835173499,-0.8(12.46%),VQSRTrancheSNP99.80to99.90,'0/1',"22,17",99,'0/0',"33,0",81,'0/0',"34,0",99,Disease=Autism
LGD,657509,18,28739494,.,T,C,DSC1,,splicing,,.,.,9.618,,0.0003,0.0015,,,4.39E-08,2.48571993,-1.235647863,0.76(86.85%),VQSRTrancheSNP99.80to99.90,'0/1',"71,18",99,'0/0',"39,0",99,'0/0',"57,0",99,Disease=Autism
Other,657513,2,119748145,.,C,CTTTTTTTT,MARCO,,intronic,P,,,,,,,,,6.42E-08,1.735936535,-1.225330629,-0.37(28.16%),VQSRTrancheINDEL99.40to99.50,'0/3',"25,0,0,9",70,'0/0',"21,0,0,0",42,'0/0',"39,0,0,0",78,Disease=Autism
Other,657550,5,64629852,rs377607744,AAC,A,ADAMTS6,,intronic,F,,,,,0.0002,0.0004,,,0.998800473,5.818014749,2.689183111,-0.57(18.9%),VQSRTrancheINDEL99.40to99.50,'0/1',"147,54,0",99,'0/0',"152,0,0",99,'0/0',"171,0,0",99,Disease=Autism
Other,657550,6,25850267,.,T,C,SLC17A3,,intronic,,,,,,,,,,9.88E-14,-0.034982916,-1.488912553,0.11(62%),VQSRTrancheSNP99.50to99.60,'0/1',"36,35",99,'0/0',"37,0",99,'0/0',"34,0",99,Disease=Autism
Other,657550,6,74519956,.,A,ATATATATTTTATATATAATATATAG,CD109,,intronic,P,,,,,,,,,2.29E-32,0.102124603,-2.484263217,4.68(99.78%),PASS,'0/1',"4,10",99,'0/0',"20,0",45,'0/0',"31,0",69,Disease=Autism
Other,657550,15,91545226,.,TGA,T,VPS33B,,intronic,P,,,,,,,,,2.91E-09,2.75863439,-0.085080641,-0.53(20.82%),PASS,'0/1',"31,28",99,'0/0',"35,0",99,'0/0',"42,0",99,Disease=Autism
Other,657550,19,38993449,.,G,GCA,RYR1,,intronic,P,,,,,,,,,1.61E-07,9.594352551,4.437352418,-8.29(0.01%),VQSRTrancheINDEL99.30to99.40,'0/2',"23,0,13",99,'0/0',"48,0,0",99,'0/0',"51,0,0",99,Disease=Autism
Bmis,657563,1,114640370,.,C,G,SYT6,nonsynonymousSNV,exonic,,T,B,18.45,"SYT6:NM_001270805:exon6:c.G1239C:p.E413D,SYT6:NM_205848:exon6:c.G1239C:p.E413D",,,,,0.032845524,1.874926237,-0.380949691,-0.89(10.37%),VQSRTrancheSNP99.80to99.90,'0/1',"38,46",99,'0/0',"35,0",99,'0/0',"37,0",99,Disease=Autism
Bmis,657563,3,9055457,.,A,G,SRGAP3,nonsynonymousSNV,exonic,,T,B,17.12,"SRGAP3:NM_001033117:exon16:c.T1811C:p.I604T,SRGAP3:NM_014850:exon16:c.T1883C:p.I628T",8.24E-06,0.0001,,,0.99999775,6.144644823,3.550665286,-1.64(2.84%),VQSRTrancheSNP99.80to99.90,'0/1',"48,52",99,'0/0',"41,0",99,'0/0',"34,0",99,Disease=Autism
Other,657563,5,125895125,.,GGTTTTTTT,GTTTTTT,ALDH7A1,,intronic,F,,,,,,,,,1.95E-12,1.271573343,-0.087750123,-0.47(23.43%),PASS,'0/3',"19,0,0,15,0",99,'0/0',"16,0,0,0,0",51,'0/0',"47,0,0,0,0",99,Disease=Autism
LGD,657563,22,51160866,.,G,T,SHANK3,,splicing,,.,.,20.9,,,,,,0.99983962,5.15474144,4.919873356,NA(NA%),VQSRTrancheSNP99.80to99.90,'0/1',"36,29",99,'0/0',"32,0",81,'0/0',"37,0",99,Disease=Autism
Bmis,657590,7,11030426,.,G,A,PHF14,nonsynonymousSNV,exonic,,T,D,13.29,PHF14:NM_014660:exon4:c.G997A:p.A333T,0.0002,0.0009,0.000599042,0.0031,0.20653924,3.993879295,1.324334019,-0.53(20.78%),VQSRTrancheSNP99.80to99.90,'0/1',"48,38",99,'0/0',"35,0",99,'0/0',"33,0",99,Disease=Autism
PDmis,657758,19,7985372,.,G,C,SNAPC2,nonsynonymousSNV,exonic,,T,D,23.2,SNAPC2:NM_003083:exon1:c.G121C:p.G41R,,,,,0.10316814,1.940522816,-0.953447219,0.4(76.31%),VQSRTrancheSNP99.80to99.90,'0/1',"24,20",99,'0/0',"32,0",55,'0/0',"43,0",99,Disease=Autism
Other,659533,11,1910944,.,T,G,LSP1,,intronic,,,,,,,,,,0.259641696,2.523075342,-0.415048118,-0.04(50.45%),VQSRTrancheSNP99.80to99.90,'0/1',"59,53",99,'0/0',"45,0",99,'0/0',"38,0",99,Disease=Autism
Other,659533,19,879854,.,CCT,C,MED16,,intronic,P,,,,,,,,,0.018766118,3.106227689,-1.144018025,-2.73(0.7%),VQSRTrancheINDEL99.10to99.20,'0/1',"25,22",99,'0/0',"43,0",99,'0/0',"12,0",33,Disease=Autism
Other,659533,19,879857,.,GGTTGTCAATGCCCAGCAGCTCGCCTTCCCC,G,MED16,,intronic,P,,,,,,,,,0.018766118,3.106227689,-1.144018025,-2.73(0.7%),VQSRTrancheINDEL99.10to99.20,'0/1',"42,22",99,'0/0',"43,0",99,'0/0',"13,0",33,Disease=Autism
Other,659533,19,2037850,.,CA,AA,MKNK2,,UTR3,,,,,,0.0001,0.0007,,,9.34E-06,1.294246916,0.899223827,-0.58(18.78%),VQSRTrancheINDEL99.40to99.50,'0/3',"47,0,0,32",99,'0/0',"45,0,0,0",99,'0/0',"36,0,0,1",89,Disease=Autism
InframeIndel,659533,X,24382407,.,TGCTGCTGCTGCTGCTGCTGCTCCTGCTCCTGCTCTA,T,SUPT20HL1,nonframeshiftdeletion,exonic,P,,,,"SUPT20HL1:NM_001136234:exon1:c.1531_1566del:p.511_522del,",,,,,,,,,PASS,'0/2',"27,0,7",99,'0/0',"52,0,0",60,'0/0',"62,0,0",57,Disease=Autism
Other,659535,7,154645547,.,CT,C,DPP6,,intronic,P,,,,,1.66E-05,3.00E-05,,,0.967691107,4.769215764,1.808138794,NA(NA%),PASS,'0/1',"9,6",99,'0/0',"23,0",63,'0/0',"12,0",36,Disease=Autism
LGD,659535,11,65827022,.,A,T,SF3B2,stopgain,exonic,,.,.,37,SF3B2:NM_006842:exon12:c.A1357T:p.K453X,,,,,0.999459845,5.553865013,4.035002401,-1.09(7.11%),VQSRTrancheSNP99.80to99.90,'0/1',"50,35",99,'0/0',"39,0",99,'0/0',"37,0",99,Disease=Autism
PDmis,659535,11,65827023,.,A,T,SF3B2,nonsynonymousSNV,exonic,,T,D,23.3,SF3B2:NM_006842:exon12:c.A1358T:p.K453M,,,,,0.999459845,5.553865013,4.035002401,-1.09(7.11%),VQSRTrancheSNP99.80to99.90,'0/1',"49,34",99,'0/0',"39,0",99,'0/0',"37,0",99,Disease=Autism
Other,659535,19,879854,.,CCT,C,MED16,,intronic,F,,,,,,,,,0.018766118,3.106227689,-1.144018025,-2.73(0.7%),VQSRTrancheINDEL99.10to99.20,'0/1',"14,12",99,'0/0',"43,0",99,'0/0',"12,0",33,Disease=Autism
Other,659535,19,879857,.,GGTTGTCAATGCCCAGCAGCTCGCCTTCCCC,G,MED16,,intronic,F,,,,,,,,,0.018766118,3.106227689,-1.144018025,-2.73(0.7%),VQSRTrancheINDEL99.10to99.20,'0/1',"31,12",99,'0/0',"43,0",99,'0/0',"13,0",33,Disease=Autism
PDmis,659560,1,156012621,.,G,A,UBQLN4,nonsynonymousSNV,exonic,P,T,D,25.5,"UBQLN4:NM_001304342:exon7:c.C1150T:p.P384S,UBQLN4:NM_020131:exon7:c.C1210T:p.P404S",,,,,0.99752242,4.121308176,2.764935815,0.06(58.74%),PASS,'0/1',"35,9",99,'0/0',"37,0",99,'0/0',"37,0",99,Disease=Autism
Dmis,659560,4,85419158,.,G,T,NKX6-1,nonsynonymousSNV,exonic,,D,P,20.6,NKX6-1:NM_006168:exon1:c.C224A:p.P75Q,,,,,0.501554507,1.975442423,2.685270758,NA(NA%),PASS,'0/1',"30,27",99,'0/0',"34,0",99,'0/0',"34,0",99,Disease=Autism
Dmis,659560,14,74539066,.,G,C,ALDH6A1,nonsynonymousSNV,exonic,,D,D,34,"ALDH6A1:NM_001278593:exon4:c.C188G:p.A63G,ALDH6A1:NM_005589:exon4:c.C188G:p.A63G",,,,,1.62E-05,2.533502835,0.400913112,-0.4(26.73%),VQSRTrancheSNP99.80to99.90,'0/1',"20,28",99,'0/0',"33,0",90,'0/0',"34,0",99,Disease=Autism
Other,659560,15,42235401,.,C,T,EHD4,,intronic,,,,,,,,,,0.001496806,2.015061206,2.049703676,-0.75(13.58%),VQSRTrancheSNP99.80to99.90,'0/1',"16,13",99,'0/0',"10,0",30,'0/0',"16,0",39,Disease=Autism
Silent,659577,18,3879457,.,C,T,DLGAP1,synonymousSNV,exonic,,,,,"DLGAP1:NM_001242761:exon4:c.G612A:p.S204S,DLGAP1:NM_004746:exon4:c.G612A:p.S204S",8.39E-06,1.53E-05,,,0.993045514,4.655740121,4.014067266,-1.59(3.05%),VQSRTrancheSNP99.80to99.90,'0/1',"19,16",99,'0/0',"36,0",99,'0/0',"39,0",99,Disease=Autism
Silent,659587,16,28989359,.,C,T,SPNS1,synonymousSNV,exonic,,,,,"SPNS1:NM_001142449:exon2:c.C372T:p.P124P,SPNS1:NM_001142451:exon3:c.C438T:p.P146P,SPNS1:NM_032038:exon3:c.C438T:p.P146P,SPNS1:NM_001142448:exon4:c.C438T:p.P146P,SPNS1:NM_001142450:exon4:c.C219T:p.P73P",,,,,0.258446825,2.986504858,2.737493243,-0.58(18.72%),VQSRTrancheSNP99.80to99.90,'0/1',"89,23",99,'0/0',"36,0",99,'0/0',"38,0",99,Disease=Autism
Bmis,659587,19,41060209,.,G,A,SPTBN4,nonsynonymousSNV,exonic,,T,D,11.71,"SPTBN4:NM_025213:exon6:c.G859A:p.E287K,SPTBN4:NM_020971:exon23:c.G4831A:p.E1611K",0,0,,,,,,-1.82(2.13%),VQSRTrancheSNP99.80to99.90,'0/1',"10,13",99,'0/0',"11,0",33,'0/0',"22,0",60,Disease=Autism
Silent,659608,5,148754124,.,C,T,IL17B,synonymousSNV,exonic,,,,,IL17B:NM_014443:exon3:c.G351A:p.P117P,3.45E-05,6.33E-05,,,0.002074284,0.098735588,0.383782185,-0.52(21.2%),VQSRTrancheSNP99.80to99.90,'0/1',"64,48",99,'0/0',"36,0",99,'0/0',"34,0",99,Disease=Autism
LGD,659608,6,42227401,.,G,A,TRERF1,stopgain,exonic,,.,.,46,"TRERF1:NM_001297573:exon9:c.C2005T:p.Q669X,TRERF1:NM_033502:exon9:c.C1945T:p.Q649X",,,,,0.999595777,5.393460112,1.993382101,0.75(86.38%),VQSRTrancheSNP99.80to99.90,'0/1',"45,39",99,'0/0',"36,0",99,'0/0',"35,0",99,Disease=Autism
Other,659608,11,118506309,.,G,C,PHLDB1,,intronic,,,,,,,,,,0.818580152,5.314682637,1.364471946,-1.85(2.05%),VQSRTrancheSNP99.80to99.90,'0/1',"40,42",99,'0/0',"50,0",99,'0/0',"63,0",99,Disease=Autism
Silent,659608,17,5404070,.,G,A,LOC728392,synonymousSNV,exonic,,,,,LOC728392:NM_001162371:exon1:c.C207T:p.A69A,,,,,,,,,VQSRTrancheSNP99.70to99.80,'0/1',"22,38",99,'0/0',"42,0",99,'0/0',"49,0",99,Disease=Autism
Other,659817,3,142180721,.,T,C,ATR,,intronic,,,,,,,,,,0.701297833,7.591804553,2.694432625,-1.64(2.79%),VQSRTrancheSNP99.70to99.80,'0/1',"25,27",99,'0/0',"34,0",99,'0/0',"41,0",87,Disease=Autism
Other,659817,8,145739182,.,AGTGAGGAGGGGTCGGCGTGGGCG,A,RECQL4,,intronic,P,,,,,,,,,,,,,PASS,'0/3',"5,0,0,7",99,'0/0',"26,0,0,0",66,'0/0',"37,0,0,0",99,Disease=Autism
PDmis,659817,16,88951543,.,C,T,CBFA2T3,nonsynonymousSNV,exonic,,T,D,23,"CBFA2T3:NM_175931:exon6:c.G770A:p.R257H,CBFA2T3:NM_005187:exon7:c.G1028A:p.R343H",1.74E-05,0.0002,0.000199681,0.0014,0.454440082,3.328513473,-0.041017294,-1.02(8.14%),VQSRTrancheSNP99.80to99.90,'0/1',"264,129",99,'0/0',"39,0",99,'0/0',"42,0",99,Disease=Autism
Other,661187,3,152881451,.,TTC,T,RAP2B,,UTR3,F,,,,,,,,,0.275476508,1.308169979,3.850446834,-0.03(51.04%),VQSRTrancheINDEL99.40to99.50,'0/2',"22,0,10",99,'0/0',"31,0,0",31,'0/0',"35,0,0",48,Disease=Autism
Other,661187,12,120907165,.,G,A,SRSF9,,intronic,,,,,,,,,,0.819638672,2.774536063,3.132795308,-0.05(49.76%),VQSRTrancheSNP99.80to99.90,'0/1',"21,22",99,'0/0',"28,0",81,'0/0',"35,0",99,Disease=Autism
Other,661187,19,10226810,.,C,T,EIF3G,,intronic,,,,,,,,,,0.983422492,3.458664752,2.677082185,-0.85(11.06%),VQSRTrancheSNP99.80to99.90,'0/1',"23,27",99,'0/0',"43,0",99,'0/0',"47,0",99,Disease=Autism
Other,661187,19,11338206,.,A,ACTTGAAGGGCTGTGGGTGGGG,DOCK6,,intronic,F,,,,,,,,,2.83E-19,2.920597842,0.270409256,-0.94(9.42%),PASS,'0/1',"22,14",99,'0/0',"48,0",99,'0/0',"48,0",99,Disease=Autism
Other,661594,4,148604870,.,G,GC,PRMT9,,intronic,F,,,,,,,,,,,,,PASS,'0/1',"99,27",99,'0/0',"105,0",99,'0/0',"139,0",99,Disease=Autism
InframeIndel,661594,19,43441155,.,CTCTCCTCACCTGTGA,C,PSG7,nonframeshiftdeletion,exonic,F,,,,PSG7:NM_001206650:exon1:c.59_64del:p.20_22del,1.66E-05,3.01E-05,,,,,,,VQSRTrancheINDEL99.10to99.20,'0/1',"12,10",99,'0/0',"19,0",45,'0/0',"31,0",78,Disease=Autism
Bmis,663549,3,27161295,.,T,C,NEK10,nonsynonymousSNV,exonic,,T,B,2.935,"NEK10:NM_001031741:exon13:c.A1223G:p.H408R,NEK10:NM_001304384:exon14:c.A1253G:p.H418R,NEK10:NM_152534:exon36:c.A3317G:p.H1106R",1.65E-05,3.00E-05,,,0.000236569,3.110625658,-0.525774088,0.89(89.19%),VQSRTrancheSNP99.80to99.90,'0/1',"34,15",99,'0/0',"34,0",99,'0/0',"46,0",99,Disease=Autism
Other,663549,7,16445655,.,C,G,ISPD,,intronic,,,,,,1.07E-05,1.94E-05,,,0.002436602,1.680982688,-0.791793208,NA(NA%),VQSRTrancheSNP99.70to99.80,'0/1',"9,10",99,'0/0',"33,0",99,'0/0',"24,0",72,Disease=Autism
Silent,663766,2,29355071,.,T,A,CLIP4,synonymousSNV,exonic,,,,,"CLIP4:NM_001287527:exon4:c.T327A:p.T109T,CLIP4:NM_001287528:exon4:c.T327A:p.T109T,CLIP4:NM_024692:exon4:c.T327A:p.T109T",,,,,0.000288888,2.770855001,-0.499343846,-0.2(39.17%),VQSRTrancheSNP99.80to99.90,'0/1',"22,13",99,'0/0',"34,0",99,'0/0',"37,0",99,Disease=Autism
Other,663766,7,127221979,.,C,A,GCC1,,UTR3,,,,,,,,,,6.69E-08,0.877097871,1.044455924,0.25(69.57%),VQSRTrancheSNP99.80to99.90,'0/1',"5,7",99,'0/0',"11,0",33,'0/0',"13,0",36,Disease=Autism
LGD,663766,18,31325781,.,T,TATCC,ASXL3,frameshiftinsertion,exonic,P,,,,ASXL3:NM_030632:exon12:c.5969_5970insATCC:p.L1990fs,,,,,0.999977048,6.0474916,-0.94202718,-0.67(15.87%),VQSRTrancheINDEL99.00to99.10,'0/1',"51,54",99,'0/0',"37,0",99,'0/0',"39,0",99,Disease=Autism
Other,663819,19,19606481,rs113249403,TA,AA,GATAD2A,,intronic,P,,,,,,,.,,0.995362828,4.497077526,1.577883207,-0.95(9.27%),PASS,'0/3',"18,0,0,6",99,'0/0',"40,0,0,0",99,'0/0',"24,0,0,0",72,Disease=Autism
InframeIndel,664181,4,106863681,rs368167746,TCCA,T,NPNT,nonframeshiftdeletion,exonic,F,,,,"NPNT:NM_001033047:exon8:c.984_985insCCA:p.P328delinsPP,NPNT:NM_001184692:exon8:c.984_985insCCA:p.P328delinsPP,NPNT:NM_001184690:exon9:c.1035_1036insCCA:p.P345delinsPP,NPNT:NM_001184691:exon9:c.1074_1075insCCA:p.P358delinsPP,NPNT:NM_001184693:exon9:c.1074_1075insCCA:p.P358delinsPP,NPNT:NM_001033047:exon8:c.982_984del:p.328_328del,NPNT:NM_001184692:exon8:c.982_984del:p.328_328del,NPNT:NM_001184690:exon9:c.1033_1035del:p.345_345del,NPNT:NM_001184691:exon9:c.1072_1074del:p.358_358del,NPNT:NM_001184693:exon9:c.1072_1074del:p.358_358del,(MultiAltSite)",0.0003,0.0011,,,7.28E-06,2.211193604,-1.147930077,1.8(96.93%),PASS,'0/2',"29,0,8",99,'0/0',"41,0,0",99,'0/0',"37,0,0",99,Disease=Autism
Other,664183,4,3477999,.,CACCCCACCCGCCCGTGATGTCCTCTCACCCTGCCCGCCCGTGATGCCCTCTT,C,DOK7,,intronic,P,,,,,,,,,0.004808382,1.418042274,-3.902251472,NA(NA%),VQSRTrancheINDEL99.00to99.10,'0/2',"111,0,43",99,'0/0',"50,0,0",77,'0/0',"41,0,0",99,Disease=Autism
Other,664183,4,121631598,.,T,C,PRDM5,,intronic,,,,,,,,,,0.742419321,4.096911324,-0.1399813,-0.62(17.36%),VQSRTrancheSNP99.80to99.90,'0/1',"89,70",99,'0/0',"44,0",99,'0/0',"40,0",99,Disease=Autism
Silent,664183,6,43008156,.,A,G,CUL7,synonymousSNV,exonic,,,,,"CUL7:NM_001168370:exon22:c.T4284C:p.L1428L,CUL7:NM_014780:exon22:c.T4032C:p.L1344L",,,,,2.24E-11,3.715218976,0.481974772,-1.53(3.39%),VQSRTrancheSNP99.80to99.90,'0/1',"91,113",99,'0/0',"40,0",99,'0/0',"34,0",99,Disease=Autism
Bmis,664183,7,44524864,.,T,A,NUDCD3,nonsynonymousSNV,exonic,,T,B,12.9,NUDCD3:NM_015332:exon2:c.A212T:p.H71L,,,,,0.706731712,2.933621286,0.462054752,-0.03(51.92%),VQSRTrancheSNP99.70to99.80,'0/1',"26,16",99,'0/0',"38,0",87,'0/0',"39,0",99,Disease=Autism
Bmis,664183,14,52955113,.,T,C,TXNDC16,nonsynonymousSNV,exonic,,T,P,9.148,"TXNDC16:NM_001160047:exon12:c.A1061G:p.D354G,TXNDC16:NM_020784:exon12:c.A1076G:p.D359G",,,,,1.69E-07,2.110552882,-2.291030185,0.83(88.11%),VQSRTrancheSNP99.60to99.70,'0/1',"18,9",99,'0/0',"23,0",60,'0/0',"35,0",99,Disease=Autism
Silent,664183,17,80049159,.,G,A,FASN,synonymousSNV,exonic,,,,,FASN:NM_004104:exon9:c.C1431T:p.R477R,0.0005,0.0032,0.000998403,0.0041,0.99999995,7.420662525,2.287350969,-3.39(0.38%),VQSRTrancheSNP99.80to99.90,'0/1',"56,55",99,'0/0',"40,0",99,'0/0',"39,0",99,Disease=Autism
Bmis,664185,7,44524864,.,T,A,NUDCD3,nonsynonymousSNV,exonic,,T,B,12.9,NUDCD3:NM_015332:exon2:c.A212T:p.H71L,,,,,0.706731712,2.933621286,0.462054752,-0.03(51.92%),VQSRTrancheSNP99.70to99.80,'0/1',"19,11",99,'0/0',"38,0",87,'0/0',"39,0",99,Disease=Autism
Bmis,664185,12,132632522,rs202070598,C,T,NOC4L,nonsynonymousSNV,exonic,,T,P,11.56,NOC4L:NM_024078:exon6:c.C701T:p.A234V,1.02E-05,1.86E-05,,,,,,-1.28(5.17%),VQSRTrancheSNP99.80to99.90,'0/1',"35,20",99,'0/0',"35,0",99,'0/0',"37,0",99,Disease=Autism
Bmis,664185,19,44739927,.,T,G,ZNF227,nonsynonymousSNV,exonic,,T,P,8.614,"ZNF227:NM_001289170:exon4:c.T1107G:p.N369K,ZNF227:NM_001289171:exon4:c.T1107G:p.N369K,ZNF227:NM_001289172:exon4:c.T1053G:p.N351K,ZNF227:NM_001289168:exon5:c.T1191G:p.N397K,ZNF227:NM_001289169:exon5:c.T1191G:p.N397K,ZNF227:NM_001289173:exon5:c.T1260G:p.N420K,ZNF227:NM_001289166:exon6:c.T1344G:p.N448K,ZNF227:NM_001289167:exon6:c.T1191G:p.N397K,ZNF227:NM_182490:exon6:c.T1344G:p.N448K",,,,,1.69E-05,2.076109589,-0.656459285,-1(8.47%),VQSRTrancheSNP99.80to99.90,'0/1',"30,33",99,'0/0',"38,0",99,'0/0',"46,0",99,Disease=Autism
LGD,664185,20,37150289,.,A,AT,RALGAPB,frameshiftinsertion,exonic,P,,,,"RALGAPB:NM_001282917:exon10:c.1568dupT:p.I523fs,RALGAPB:NM_001282918:exon10:c.1568dupT:p.I523fs,RALGAPB:NM_020336:exon10:c.1568dupT:p.I523fs",,,,,0.999999956,6.931982374,2.587730198,-0.95(9.32%),PASS,'0/1',"28,34",99,'0/0',"34,0",99,'0/0',"36,0",99,Disease=Autism
Bmis,667433,4,960769,.,G,A,DGKQ,nonsynonymousSNV,exonic,,T,P,8.471,DGKQ:NM_001347:exon10:c.C1294T:p.P432S,,,,,0.001194024,3.289429223,0.030442086,-2.68(0.74%),VQSRTrancheSNP99.50to99.60,'0/1',"8,15",99,'0/0',"41,0",99,'0/0',"37,0",99,Disease=Autism
Bmis,667433,4,5586394,.,G,C,EVC2,nonsynonymousSNV,exonic,,T,D,13.17,"EVC2:NM_001166136:exon17:c.C2773G:p.L925V,EVC2:NM_147127:exon17:c.C3013G:p.L1005V",,,,,1.05E-21,1.160299412,-3.201695034,-0.06(48.79%),VQSRTrancheSNP99.80to99.90,'0/1',"12,16",99,'0/0',"33,0",99,'0/0',"33,0",99,Disease=Autism
Bmis,667433,13,99354735,.,T,C,SLC15A1,nonsynonymousSNV,exonic,,T,D,11.71,SLC15A1:NM_005073:exon18:c.A1465G:p.R489G,,,,,8.69E-08,2.729046248,-1.506682403,0.03(55.81%),VQSRTrancheSNP99.70to99.80,'0/1',"214,160",99,'0/0',"116,0",99,'0/0',"103,0",99,Disease=Autism